accuracy_text,accuracy_image,tokens_text_m_q,tokens_image_k_q,compression_ratio_cr,token_savings_pct,latency_text_sec,latency_image_sec,latency_speedup_x,context_length,visual_budget_setting,image_dimensions,ground_truth,pred_text,pred_image
1.0,1.0,639,308,2.0747,51.8,0.817,1.187,0.69,500,70,400x1372,CIPHER-8562-SIGMA,The special authorization key recorded in emergency protocol ledger section 9 was CIPHER-8562-SIGMA.,The special authorization key recorded in emergency protocol ledger section 9 was CIPHER-8562-SIGMa.
1.0,1.0,639,302,2.1159,52.74,0.817,1.158,0.71,500,140,600x1310,CIPHER-8562-SIGMA,The special authorization key recorded in emergency protocol ledger section 9 was CIPHER-8562-SIGMA.,The special authorization key recorded in emergency protocol ledger section 9 was CIPHER-8562-SIGMA.
1.0,1.0,639,290,2.2034,54.62,0.817,1.802,0.45,500,280,800x1332,CIPHER-8562-SIGMA,The special authorization key recorded in emergency protocol ledger section 9 was CIPHER-8562-SIGMA.,The special authorization key recorded in emergency protocol ledger section 9 is **CIPHER-8562-SIGMA**.
1.0,1.0,639,293,2.1809,54.15,0.817,1.714,0.48,500,560,1100x1258,CIPHER-8562-SIGMA,The special authorization key recorded in emergency protocol ledger section 9 was CIPHER-8562-SIGMA.,The special authorization key recorded in emergency protocol ledger section 9 is CIPHER-8562-SIGMA.
1.0,1.0,639,293,2.1809,54.15,0.817,1.17,0.7,500,1120,1400x1220,CIPHER-8562-SIGMA,The special authorization key recorded in emergency protocol ledger section 9 was CIPHER-8562-SIGMA.,The special authorization key recorded in emergency protocol ledger section 9 was CIPHER-8562-SIGMA.
1.0,1.0,1077,284,3.7923,73.63,1.48,1.005,1.47,1000,70,400x2434,CIPHER-8028-OMEGA,The special authorization key recorded in emergency protocol ledger section 9 was CIPHER-8028-OMEGA.,The special authorization key recorded in emergency protocol ledger section 9 is **CIPHER-8028-OMEGA**.
1.0,1.0,1077,294,3.6633,72.7,1.48,1.825,0.81,1000,140,600x2318,CIPHER-8028-OMEGA,The special authorization key recorded in emergency protocol ledger section 9 was CIPHER-8028-OMEGA.,The special authorization key recorded in emergency protocol ledger section 9 was **CIPHER-8028-OMEGA**.
1.0,1.0,1077,290,3.7138,73.07,1.48,2.199,0.67,1000,280,800x2340,CIPHER-8028-OMEGA,The special authorization key recorded in emergency protocol ledger section 9 was CIPHER-8028-OMEGA.,The special authorization key recorded in emergency protocol ledger section 9 was CIPHER-8028-OMEGA.
1.0,0.0,1077,291,3.701,72.98,1.48,2.338,0.63,1000,560,1100x2257,CIPHER-8028-OMEGA,The special authorization key recorded in emergency protocol ledger section 9 was CIPHER-8028-OMEGA.,The special authorization key recorded in emergency protocol ledger section 9 was **CIPHER8-8028-OMEGA**.
1.0,1.0,1077,298,3.6141,72.33,1.48,1.41,1.05,1000,1120,1400x2150,CIPHER-8028-OMEGA,The special authorization key recorded in emergency protocol ledger section 9 was CIPHER-8028-OMEGA.,The special authorization key recorded in emergency protocol ledger section 9 was **CIPHER-8028-OMEGA**.
1.0,0.0,1647,288,5.7188,82.51,0.727,1.46,0.5,1500,70,400x3694,CIPHER-6084-OMEGA,The special authorization key recorded in emergency protocol ledger section 9 was CIPHER-6084-OMEGA.,"Based on the provided text, there is no mention of an ""emergency protocol ledger section 9"" or any ""special authorization key."" The text consists of repetitive technical descriptions regarding micrometeoroid shielding, radioisotope thermoelectric generators, and liquid nitrogen boil-off lines."
1.0,0.0,1647,278,5.9245,83.12,0.727,1.472,0.49,1500,140,600x3473,CIPHER-6084-OMEGA,The special authorization key recorded in emergency protocol ledger section 9 was CIPHER-6084-OMEGA.,The special authorization key recorded in emergency protocol ledger section 9 is **CP8ER-6084.OMEGA**.
1.0,0.0,1647,283,5.8198,82.82,0.727,1.48,0.49,1500,280,800x3540,CIPHER-6084-OMEGA,The special authorization key recorded in emergency protocol ledger section 9 was CIPHER-6084-OMEGA.,"Based on the text provided, the special authorization key recorded in emergency protocol ledger section 9 is **Microcontenedor special authorization key CPHER-0809A-CMEQA**."
1.0,0.0,1647,299,5.5084,81.85,0.727,3.346,0.22,1500,560,1100x3391,CIPHER-6084-OMEGA,The special authorization key recorded in emergency protocol ledger section 9 was CIPHER-6084-OMEGA.,"Based on the provided text, there is no mention of an ""emergency protocol ledger section 9"" or any ""special authorization key."" The text consists of repetitive technical descriptions regarding microcomereid shielding panels, liquid nitrogen boil-off, and star tracking sensor arrays."
1.0,1.0,1647,313,5.262,81.0,0.727,1.807,0.4,1500,1120,1400x3200,CIPHER-6084-OMEGA,The special authorization key recorded in emergency protocol ledger section 9 was CIPHER-6084-OMEGA.,"Based on the text provided, the special authorization key recorded in emergency protocol ledger section 9 is **CIPHER-6084-OMEGA**."
